,lowest effect,middle low,median,middle high,highest effect,Insurer
Lowest income,10.5902777777778,11.9791666666667,15.4513888888889,11.8055555555556,50.17361111111111,State Farm
Lower income,13.2173913043478,23.304347826087,24.347826086956502,17.5652173913043,21.5652173913043,State Farm
Middle income,21.0434782608696,23.1304347826087,20.8695652173913,22.0869565217391,12.8695652173913,State Farm
Higher income,26.260869565217398,23.8260869565217,18.4347826086957,22.9565217391304,8.5217391304348,State Farm
Highest incomes,28.993055555555603,17.7083333333333,20.8333333333333,25.520833333333297,6.9444444444444,State Farm
