,lowest effect,middle low,median,middle high,highest effect,Insurer
Lowest density,17.4,33.0,34.2,10.2,5.2,State Farm
Lower density,34.300000000000004,29.7,22.3,11.700000000000001,2.1,State Farm
Middle density,28.299999999999997,19.0,19.7,21.0,12.0,State Farm
Higher density,13.4,11.700000000000001,13.900000000000002,29.2,31.8,State Farm
Highest density,6.800000000000001,6.6000000000000005,9.9,27.800000000000004,49.0,State Farm
