,lowest effect,middle low,median,middle high,highest effect,Insurer
Lowest density,15.5,28.499999999999996,25.900000000000002,28.000000000000004,2.1,Allstate
Lower density,17.599999999999998,24.4,29.5,19.7,8.799999999999999,Allstate
Middle density,25.0,27.6,21.9,12.0,13.5,Allstate
Higher density,33.7,13.5,13.5,23.3,16.1,Allstate
Highest density,8.3,6.2,8.799999999999999,17.1,59.599999999999994,Allstate
