,lowest effect,middle low,median,middle high,highest effect,Insurer
Lowest income,17.0984455958549,15.025906735751299,23.3160621761658,20.7253886010363,23.8341968911917,Allstate
Lower income,10.362694300518099,22.7979274611399,29.015544041450802,23.3160621761658,14.507772020725401,Allstate
Middle income,16.1458333333333,26.5625,23.4375,13.5416666666667,20.3125,Allstate
Higher income,30.5699481865285,24.8704663212435,13.471502590673602,13.989637305699501,17.0984455958549,Allstate
Highest incomes,25.9067357512953,10.880829015544,10.362694300518099,28.4974093264249,24.3523316062176,Allstate
