,lowest effect,middle low,median,middle high,highest effect,Insurer
Black,8.0,4.6,8.6,9.9,68.89999999999999,Allstate
White,20.8,14.399999999999999,16.3,20.1,28.299999999999997,Allstate
Total,19.0,12.8,15.299999999999999,18.4,34.4,Allstate
