,lowest effect,middle low,median,middle high,highest effect,Insurer
Black,5.3,8.0,9.700000000000001,20.0,56.99999999999999,Citizens
White,24.8,23.9,23.400000000000002,21.0,6.9,Citizens
Total,21.6,21.3,21.2,21.2,14.799999999999999,Citizens
